[
    {
        "name": "Auto",
        "hex": "0000"
    },
    {
        "name": "500 mV",
        "hex": "F401"
    },
    {
        "name": "505 mV",
        "hex": "F901"
    },
    {
        "name": "510 mV",
        "hex": "FE01"
    },
    {
        "name": "515 mV",
        "hex": "0302"
    },
    {
        "name": "520 mV",
        "hex": "0802"
    },
    {
        "name": "525 mV",
        "hex": "0D02"
    },
    {
        "name": "530 mV",
        "hex": "1202"
    },
    {
        "name": "535 mV",
        "hex": "1702"
    },
    {
        "name": "540 mV",
        "hex": "1C02"
    },
    {
        "name": "545 mV",
        "hex": "2102"
    },
    {
        "name": "550 mV",
        "hex": "2602"
    },
    {
        "name": "555 mV",
        "hex": "2B02"
    },
    {
        "name": "560 mV",
        "hex": "3002"
    },
    {
        "name": "565 mV",
        "hex": "3502"
    },
    {
        "name": "570 mV",
        "hex": "3A02"
    },
    {
        "name": "575 mV",
        "hex": "3F02"
    },
    {
        "name": "580 mV",
        "hex": "4402"
    },
    {
        "name": "585 mV",
        "hex": "4902"
    },
    {
        "name": "590 mV",
        "hex": "4E02"
    },
    {
        "name": "595 mV",
        "hex": "5302"
    },
    {
        "name": "600 mV",
        "hex": "5802"
    },
    {
        "name": "605 mV",
        "hex": "5D02"
    },
    {
        "name": "610 mV",
        "hex": "6202"
    },
    {
        "name": "615 mV",
        "hex": "6702"
    },
    {
        "name": "620 mV",
        "hex": "6C02"
    },
    {
        "name": "625 mV",
        "hex": "7102"
    },
    {
        "name": "630 mV",
        "hex": "7602"
    },
    {
        "name": "635 mV",
        "hex": "7B02"
    },
    {
        "name": "640 mV",
        "hex": "8002"
    },
    {
        "name": "645 mV",
        "hex": "8502"
    },
    {
        "name": "650 mV",
        "hex": "8A02"
    },
    {
        "name": "655 mV",
        "hex": "8F02"
    },
    {
        "name": "660 mV",
        "hex": "9402"
    },
    {
        "name": "665 mV",
        "hex": "9902"
    },
    {
        "name": "670 mV",
        "hex": "9E02"
    },
    {
        "name": "675 mV",
        "hex": "A302"
    },
    {
        "name": "680 mV",
        "hex": "A802"
    },
    {
        "name": "685 mV",
        "hex": "AD02"
    },
    {
        "name": "690 mV",
        "hex": "B202"
    },
    {
        "name": "695 mV",
        "hex": "B702"
    },
    {
        "name": "700 mV",
        "hex": "BC02"
    },
    {
        "name": "705 mV",
        "hex": "C102"
    },
    {
        "name": "710 mV",
        "hex": "C602"
    },
    {
        "name": "715 mV",
        "hex": "CB02"
    },
    {
        "name": "720 mV",
        "hex": "D002"
    },
    {
        "name": "725 mV",
        "hex": "D502"
    },
    {
        "name": "730 mV",
        "hex": "DA02"
    },
    {
        "name": "735 mV",
        "hex": "DF02"
    },
    {
        "name": "740 mV",
        "hex": "E402"
    },
    {
        "name": "745 mV",
        "hex": "E902"
    },
    {
        "name": "750 mV",
        "hex": "EE02"
    },
    {
        "name": "755 mV",
        "hex": "F302"
    },
    {
        "name": "760 mV",
        "hex": "F802"
    },
    {
        "name": "765 mV",
        "hex": "FD02"
    },
    {
        "name": "770 mV",
        "hex": "0203"
    },
    {
        "name": "775 mV",
        "hex": "0703"
    },
    {
        "name": "780 mV",
        "hex": "0C03"
    },
    {
        "name": "785 mV",
        "hex": "1103"
    },
    {
        "name": "790 mV",
        "hex": "1603"
    },
    {
        "name": "795 mV",
        "hex": "1B03"
    },
    {
        "name": "800 mV",
        "hex": "2003"
    },
    {
        "name": "805 mV",
        "hex": "2503"
    },
    {
        "name": "810 mV",
        "hex": "2A03"
    },
    {
        "name": "815 mV",
        "hex": "2F03"
    },
    {
        "name": "820 mV",
        "hex": "3403"
    },
    {
        "name": "825 mV",
        "hex": "3903"
    },
    {
        "name": "830 mV",
        "hex": "3E03"
    },
    {
        "name": "835 mV",
        "hex": "4303"
    },
    {
        "name": "840 mV",
        "hex": "4803"
    },
    {
        "name": "845 mV",
        "hex": "4D03"
    },
    {
        "name": "850 mV",
        "hex": "5203"
    }
]
