[
  {
    "name": "1480",
    "hex": "C805"
  },
  {
    "name": "1485",
    "hex": "CD05"
  },
  {
    "name": "1490",
    "hex": "D205"
  },
  {
    "name": "1495",
    "hex": "D705"
  },
  {
    "name": "1500",
    "hex": "DC05"
  },
  {
    "name": "1505",
    "hex": "E105"
  },
  {
    "name": "1510",
    "hex": "E605"
  },
  {
    "name": "1515",
    "hex": "EB05"
  },
  {
    "name": "1520",
    "hex": "F005"
  },
  {
    "name": "1525",
    "hex": "F505"
  },
  {
    "name": "1530",
    "hex": "FA05"
  },
  {
    "name": "1535",
    "hex": "FF05"
  },
  {
    "name": "1540",
    "hex": "0406"
  },
  {
    "name": "1545",
    "hex": "0906"
  },
  {
    "name": "1550",
    "hex": "0E06"
  },
  {
    "name": "1555",
    "hex": "1306"
  },
  {
    "name": "1560",
    "hex": "1806"
  },
  {
    "name": "1565",
    "hex": "1D06"
  },
  {
    "name": "1570",
    "hex": "2206"
  },
  {
    "name": "1575",
    "hex": "2706"
  },
  {
    "name": "1580",
    "hex": "2C06"
  },
  {
    "name": "1585",
    "hex": "3106"
  },
  {
    "name": "1590",
    "hex": "3606"
  },
  {
    "name": "1595",
    "hex": "3B06"
  },
  {
    "name": "1600",
    "hex": "4006"
  },
  {
    "name": "1605",
    "hex": "4506"
  },
  {
    "name": "1610",
    "hex": "4A06"
  },
  {
    "name": "1615",
    "hex": "4F06"
  },
  {
    "name": "1620",
    "hex": "5406"
  },
  {
    "name": "1625",
    "hex": "5906"
  },
  {
    "name": "1630",
    "hex": "5E06"
  },
  {
    "name": "1635",
    "hex": "6306"
  },
  {
    "name": "1640",
    "hex": "6806"
  },
  {
    "name": "1645",
    "hex": "6D06"
  },
  {
    "name": "1650",
    "hex": "7206"
  },
  {
    "name": "1655",
    "hex": "7706"
  },
  {
    "name": "1660",
    "hex": "7C06"
  },
  {
    "name": "1665",
    "hex": "8106"
  },
  {
    "name": "1670",
    "hex": "8606"
  },
  {
    "name": "1675",
    "hex": "8B06"
  },
  {
    "name": "1680",
    "hex": "9006"
  },
  {
    "name": "1685",
    "hex": "9506"
  },
  {
    "name": "1690",
    "hex": "9A06"
  },
  {
    "name": "1695",
    "hex": "9F06"
  },
  {
    "name": "1700",
    "hex": "A406"
  },
  {
    "name": "1705",
    "hex": "A906"
  },
  {
    "name": "1710",
    "hex": "AE06"
  },
  {
    "name": "1715",
    "hex": "B306"
  },
  {
    "name": "1720",
    "hex": "B806"
  },
  {
    "name": "1725",
    "hex": "BD06"
  },
  {
    "name": "1730",
    "hex": "C206"
  },
  {
    "name": "1735",
    "hex": "C706"
  },
  {
    "name": "1740",
    "hex": "CC06"
  },
  {
    "name": "1745",
    "hex": "D106"
  },
  {
    "name": "1750",
    "hex": "D606"
  },
  {
    "name": "1755",
    "hex": "DB06"
  },
  {
    "name": "1760",
    "hex": "E006"
  },
  {
    "name": "1765",
    "hex": "E506"
  },
  {
    "name": "1770",
    "hex": "EA06"
  },
  {
    "name": "1775",
    "hex": "EF06"
  },
  {
    "name": "1780",
    "hex": "F406"
  },
  {
    "name": "1785",
    "hex": "F906"
  },
  {
    "name": "1790",
    "hex": "FE06"
  },
  {
    "name": "1795",
    "hex": "0307"
  },
  {
    "name": "1800",
    "hex": "0807"
  }
]