[
    {
        "name": "800 mV",
        "hex": "2003"
    },
    {
        "name": "805 mV",
        "hex": "2503"
    },
    {
        "name": "810 mV",
        "hex": "2A03"
    },
    {
        "name": "815 mV",
        "hex": "2F03"
    },
    {
        "name": "820 mV",
        "hex": "3403"
    },
    {
        "name": "825 mV",
        "hex": "3903"
    },
    {
        "name": "830 mV",
        "hex": "3E03"
    },
    {
        "name": "835 mV",
        "hex": "4303"
    },
    {
        "name": "840 mV",
        "hex": "4803"
    },
    {
        "name": "845 mV",
        "hex": "4D03"
    },
    {
        "name": "850 mV",
        "hex": "5203"
    }
]
