[
    {
        "name": "[0] - 1x REFI",
        "label": "[0]",
        "hex": "00"
    },
    {
        "name": "[1] - 1.5x REFI",
        "label": "[1]",
        "hex": "01"
    },
    {
        "name": "[2] - 2x REFI",
        "label": "[2]",
        "hex": "02"
    },
    {
        "name": "[3] - 3x REFI",
        "label": "[3]",
        "hex": "03"
    },
    {
        "name": "[4] - 4x REFI",
        "label": "[4]",
        "hex": "04"
    },
    {
        "name": "[5] - MAX REFI",
        "label": "[5]",
        "hex": "05"
    }
]
