[
    {
        "name": "[42]",
        "label": "[42]",
        "hex": "2A"
    },
    {
        "name": "[39]",
        "label": "[39]",
        "hex": "27"
    },
    {
        "name": "[36]",
        "label": "[36]",
        "hex": "24"
    },
    {
        "name": "[33]",
        "label": "[33]",
        "hex": "21"
    },
    {
        "name": "[32]",
        "label": "[32]",
        "hex": "20"
    },
    {
        "name": "[31]",
        "label": "[31]",
        "hex": "1F"
    },
    {
        "name": "[30]",
        "label": "[30]",
        "hex": "1E"
    },
    {
        "name": "[29]",
        "label": "[29]",
        "hex": "1D"
    },
    {
        "name": "[28]",
        "label": "[28]",
        "hex": "1C"
    },
    {
        "name": "[27]",
        "label": "[27]",
        "hex": "1B"
    },
    {
        "name": "[26]",
        "label": "[26]",
        "hex": "1A"
    },
    {
        "name": "[25]",
        "label": "[25]",
        "hex": "19"
    },
    {
        "name": "[24]",
        "label": "[24]",
        "hex": "18"
    },
    {
        "name": "[23]",
        "label": "[23]",
        "hex": "17"
    },
    {
        "name": "[22]",
        "label": "[22]",
        "hex": "16"
    },
    {
        "name": "[21]",
        "label": "[21]",
        "hex": "15"
    },
    {
        "name": "[20]",
        "label": "[20]",
        "hex": "14"
    },
    {
        "name": "[19]",
        "label": "[19]",
        "hex": "13"
    }
]
