[
    {
        "name": "[18] - 0",
        "label": "[18]",
        "hex": "12"
    },
    {
        "name": "[17] - 1",
        "label": "[17]",
        "hex": "11"
    },
    {
        "name": "[16] - 2",
        "label": "[16]",
        "hex": "10"
    },
    {
        "name": "[15] - 3",
        "label": "[15]",
        "hex": "0F"
    },
    {
        "name": "[14] - 4",
        "label": "[14]",
        "hex": "0E"
    },
    {
        "name": "[13] - 5",
        "label": "[13]",
        "hex": "0D"
    },
    {
        "name": "[12] - 6",
        "label": "[12]",
        "hex": "0C"
    },
    {
        "name": "[11] - 7",
        "label": "[11]",
        "hex": "0B"
    }
]