[
    {
        "name": "[0] - 10",
        "label": "[0]",
        "hex": "00"
    },
    {
        "name": "[1] - 8",
        "label": "[1]",
        "hex": "01"
    },
    {
        "name": "[2] - 6",
        "label": "[2]",
        "hex": "02"
    },
    {
        "name": "[3] - 4",
        "label": "[3]",
        "hex": "03"
    },
    {
        "name": "[4] - 2",
        "label": "[4]",
        "hex": "04"
    },
    {
        "name": "[5] - 1",
        "label": "[5]",
        "hex": "05"
    }
]
