[
    {
        "name": "[0] - 0",
        "label": "[0]",
        "hex": "00"
    },
    {
        "name": "[1] - -2",
        "label": "[1]",
        "hex": "01"
    },
    {
        "name": "[2] - -4",
        "label": "[2]",
        "hex": "02"
    },
    {
        "name": "[3] - -6",
        "label": "[3]",
        "hex": "03"
    },
    {
        "name": "[4] - -8",
        "label": "[4]",
        "hex": "04"
    },
    {
        "name": "[5] - -10",
        "label": "[5]",
        "hex": "05"
    },
    {
        "name": "[6] - -12",
        "label": "[6]",
        "hex": "06"
    }
]
