[
    {
        "name": "[0] - 140",
        "label": "[0]",
        "hex": "00"
    },
    {
        "name": "[1] - 120",
        "label": "[1]",
        "hex": "01"
    },
    {
        "name": "[2] - 100",
        "label": "[2]",
        "hex": "02"
    },
    {
        "name": "[3] - 80",
        "label": "[3]",
        "hex": "03"
    },
    {
        "name": "[4] - 70",
        "label": "[4]",
        "hex": "04"
    },
    {
        "name": "[5] - 60",
        "label": "[5]",
        "hex": "05"
    }
]
