[
    {
        "name": "Do not override",
        "label": "Do not override",
        "hex": "000000"
    },
    {
        "name": "1050 mV",
        "label": "1050 mV",
        "hex": "900510"
    },
    {
        "name": "1062.5 mV",
        "label": "1062.5 mV",
        "hex": "643610"
    },
    {
        "name": "1075 mV",
        "label": "1075 mV",
        "hex": "386710"
    },
    {
        "name": "1087.5 mV",
        "label": "1087.5 mV",
        "hex": "0C9810"
    },
    {
        "name": "1100 mV",
        "label": "1100 mV - default",
        "hex": "E0C810"
    },
    {
        "name": "1112.5 mV",
        "label": "1112.5 mV",
        "hex": "B4F910"
    },
    {
        "name": "1125 mV",
        "label": "1125 mV",
        "hex": "882A11"
    },
    {
        "name": "1137.5 mV",
        "label": "1137.5 mV",
        "hex": "5C5B11"
    },
    {
        "name": "1150 mV",
        "label": "1150 mV",
        "hex": "308C11"
    },
    {
        "name": "1162.5 mV",
        "label": "1162.5 mV",
        "hex": "04BD11"
    },
    {
        "name": "1175 mV",
        "label": "1175 mV",
        "hex": "D8ED11"
    },
    {
        "name": "1187.5 mV",
        "label": "1187.5 mV",
        "hex": "AC1E12"
    },
    {
        "name": "1200 mV",
        "label": "1200 mV",
        "hex": "804F12"
    },
    {
        "name": "1212.5 mV",
        "label": "1212.5 mV",
        "hex": "548012"
    }
]
